Course_id,Course,Course_organization,Course_Certificate_type,Course_rating,Course_difficulty,Course_students_enrolled
743,A Crash Course in Causality:  Inferring Causal Effects from Observational Data,University of Pennsylvania,COURSE,4.7,Intermediate,17000.0
874,A Crash Course in Data Science,Johns Hopkins University,COURSE,4.5,Mixed,130000.0
413,A Law Student's Toolkit,Yale University,COURSE,4.7,Mixed,91000.0
635,A Life of Happiness and Fulfillment,Indian School of Business,COURSE,4.8,Mixed,320000.0
661,ADHD: Everyday Strategies for Elementary Students,University at Buffalo,COURSE,4.7,Beginner,39000.0
54,AI For Everyone,deeplearning.ai,COURSE,4.8,Beginner,350000.0
488,AI For Medical Treatment,deeplearning.ai,COURSE,4.8,Intermediate,2400.0
58,AI Foundations for Everyone,IBM,SPECIALIZATION,4.7,Beginner,61000.0
129,AI for Medical Diagnosis,deeplearning.ai,COURSE,4.7,Intermediate,12000.0
283,AI for Medical Prognosis,deeplearning.ai,COURSE,4.6,Intermediate,4000.0
35,AI for Medicine,deeplearning.ai,SPECIALIZATION,4.7,Intermediate,13000.0
43,AWS Fundamentals,Amazon Web Services,SPECIALIZATION,4.6,Beginner,130000.0
631,AWS Fundamentals: Addressing Security Risk,Amazon Web Services,COURSE,4.3,Beginner,11000.0
861,AWS Fundamentals: Building Serverless Applications,Amazon Web Services,COURSE,4.7,Beginner,27000.0
281,AWS Fundamentals: Going Cloud-Native,Amazon Web Services,COURSE,4.7,Beginner,110000.0
828,AWS Fundamentals: Migrating to the Cloud,Amazon Web Services,COURSE,4.5,Intermediate,13000.0
819,Aboriginal Worldviews and Education,University of Toronto,COURSE,4.7,Mixed,6600.0
63,Academic English: Writing,"University of California, Irvine",SPECIALIZATION,4.7,Beginner,540000.0
142,Accelerated Computer Science Fundamentals,University of Illinois at Urbana-Champaign,SPECIALIZATION,4.7,Intermediate,22000.0
612,Access Controls,University of Illinois at Urbana-Champaign,COURSE,4.6,Beginner,2900.0
604,Accounting Analytics,University of Pennsylvania,COURSE,4.5,Mixed,80000.0
727,Accounting for Decision Making,University of Michigan,COURSE,4.8,Intermediate,9900.0
51,Achieving Personal and Professional Success,University of Pennsylvania,SPECIALIZATION,4.7,Beginner,110000.0
838,Achieving Personal and Professional Success,University of Pennsylvania,COURSE,4.8,Mixed,23000.0
330,Addiction Treatment: Clinical Skills for Healthcare Providers,Yale University,COURSE,4.8,Beginner,9200.0
247,Advanced Business Analytics,University of Colorado Boulder,SPECIALIZATION,4.5,Intermediate,78000.0
157,Advanced Data Science with IBM,IBM,SPECIALIZATION,4.4,Advanced,320000.0
103,Advanced Machine Learning,National Research University Higher School of Economics,SPECIALIZATION,4.5,Advanced,190000.0
324,Advanced Machine Learning with TensorFlow on Google Cloud Platform,Google Cloud,SPECIALIZATION,4.5,Advanced,35000.0
266,"Advanced Valuation and Strategy - M&A, Private Equity, and Venture Capital",Erasmus University Rotterdam,COURSE,4.7,Advanced,29000.0
825,Advertising and Society,Duke University,COURSE,4.8,Mixed,14000.0
853,Age of Cathedrals,Yale University,COURSE,4.7,Beginner,21000.0
75,Agile Development,University of Virginia,SPECIALIZATION,4.7,Beginner,94000.0
482,Agile Meets Design Thinking,University of Virginia,COURSE,4.7,Beginner,69000.0
212,Agile with Atlassian Jira,Atlassian,COURSE,4.7,Beginner,40000.0
561,Algorithmic Toolbox,University of California San Diego,COURSE,4.7,Intermediate,220000.0
78,Algorithms,Stanford University,SPECIALIZATION,4.8,Intermediate,150000.0
242,Algorithms for Battery Management Systems,University of Colorado System,SPECIALIZATION,4.8,Intermediate,14000.0
322,American Contract Law I,Yale University,COURSE,4.9,Beginner,18000.0
159,An Introduction to American Law,University of Pennsylvania,COURSE,4.8,Beginner,23000.0
265,An Introduction to Consumer Neuroscience & Neuromarketing,Copenhagen Business School,COURSE,4.7,Beginner,69000.0
151,An Introduction to Programming the Internet of Things (IOT),"University of California, Irvine",SPECIALIZATION,4.6,Beginner,270000.0
752,Analysing: Numeric and digital literacies,Macquarie University,SPECIALIZATION,4.6,Beginner,79000.0
119,Anatomy,University of Michigan,SPECIALIZATION,4.8,Beginner,30000.0
302,"Anatomy of the Chest, Abdomen, and Pelvis",Yale University,COURSE,4.8,Intermediate,36000.0
508,Anatomy: Musculoskeletal and Integumentary Systems,University of Michigan,COURSE,4.8,Beginner,20000.0
797,Ancient Philosophy: Aristotle and His Successors,University of Pennsylvania,COURSE,4.8,Mixed,8100.0
390,Android App Development,Vanderbilt University,SPECIALIZATION,4.5,Beginner,120000.0
201,Animal Behaviour and Welfare,The University of Edinburgh,COURSE,4.8,Mixed,71000.0
663,Antibiotic Stewardship,Stanford University,COURSE,4.5,Advanced,11000.0
799,Antimicrobial resistance - theory and methods,Technical University of Denmark (DTU),COURSE,4.6,Intermediate,63000.0
8,Applied Data Science,IBM,SPECIALIZATION,4.6,Beginner,220000.0
637,Applied Data Science Capstone,IBM,COURSE,4.7,Intermediate,42000.0
26,Applied Data Science with Python,University of Michigan,SPECIALIZATION,4.5,Intermediate,480000.0
630,Applied Machine Learning in Python,University of Michigan,COURSE,4.6,Intermediate,150000.0
491,"Applied Plotting, Charting & Data Representation in Python",University of Michigan,COURSE,4.6,Intermediate,97000.0
437,Architecting with Google Cloud Platform,Google Cloud,SPECIALIZATION,4.5,Intermediate,4200.0
10,Architecting with Google Compute Engine,Google Cloud,SPECIALIZATION,4.7,Intermediate,310000.0
573,Architecting with Google Kubernetes Engine ,Google Cloud,SPECIALIZATION,4.5,Beginner,3900.0
56,Arizona State University TESOL,Arizona State University,PROFESSIONAL CERTIFICATE,4.9,Beginner,150000.0
479,Art & Activity: Interactive Strategies for Engaging with Art,The Museum of Modern Art,COURSE,4.8,Mixed,79000.0
452,Art & Ideas: Teaching with Themes,The Museum of Modern Art,COURSE,4.8,Mixed,31000.0
651,Arts and Culture Strategy,National Arts Strategies,COURSE,4.6,Mixed,15000.0
326,Arts and Heritage Management,UniversitÃ  Bocconi,COURSE,4.8,Mixed,15000.0
753,Astrobiology and the Search for Extraterrestrial Life,The University of Edinburgh,COURSE,4.7,Mixed,66000.0
210,Autism Spectrum Disorder,"University of California, Davis",COURSE,4.6,Mixed,56000.0
885,Autodesk CAD/CAM for Manufacturing,Autodesk,SPECIALIZATION,4.8,Intermediate,7300.0
468,Autodesk CAD/CAM/CAE for Mechanical Engineering,Autodesk,SPECIALIZATION,4.8,Intermediate,9200.0
702,Autodesk Certified Professional: AutoCAD for Design and Drafting Exam Prep,Autodesk,COURSE,4.7,Advanced,22000.0
590,Autodesk Certified Professional: Revit for Architectural Design Exam Prep,Autodesk,COURSE,4.7,Advanced,9700.0
816,BIM Fundamentals for Engineers,National Taiwan University,COURSE,4.6,Beginner,13000.0
642,Basic Statistics,University of Amsterdam,COURSE,4.6,Beginner,180000.0
493,Bayesian Statistics: From Concept to Data Analysis,"University of California, Santa Cruz",COURSE,4.8,Intermediate,91000.0
602,Bayesian Statistics: Techniques and Models,"University of California, Santa Cruz",COURSE,4.8,Intermediate,29000.0
106,Become a CBRS Certified Professional Installer by Google,Google - Spectrum Sharing,COURSE,4.9,Mixed,210000.0
294,Become a Journalist: Report the News!,Michigan State University,SPECIALIZATION,4.7,Beginner,28000.0
809,Become a Sustainable Business Change Agent,University of Colorado System,SPECIALIZATION,4.7,Intermediate,4200.0
776,Becoming a Sports Agent,Case Western Reserve University,COURSE,4.7,Beginner,6500.0
672,Becoming a changemaker: Introduction to Social Innovation,University of Cape Town,COURSE,4.8,Beginner,61000.0
269,Behavioral Finance,Duke University,COURSE,4.4,Mixed,55000.0
456,Beyond the Sustainable Development Goals (SDGs): Addressing Sustainability and Development,University of Michigan,COURSE,4.6,Mixed,2300.0
687,Biohacking Your Brain's Health,Emory University,COURSE,4.6,Beginner,35000.0
565,Biology Meets Programming: Bioinformatics for Beginners,University of California San Diego,COURSE,4.4,Beginner,88000.0
131,Biostatistics in Public Health,Johns Hopkins University,SPECIALIZATION,4.8,Beginner,14000.0
751,Blended Language Learning: Design and Practice for Teachers,University of Colorado Boulder,COURSE,4.8,Intermediate,1900.0
251,Blockchain,University of Colorado Boulder,SPECIALIZATION,4.6,Intermediate,68000.0
143,Blockchain Revolution,University of Colorado Boulder,SPECIALIZATION,4.7,Beginner,21000.0
462,Blockchain Revolution in Financial Services,University of Colorado Boulder,SPECIALIZATION,4.6,Beginner,1600.0
719,Blockchain: Foundations and Use Cases,ConsenSys Academy,COURSE,4.7,Beginner,31000.0
645,Boosting Creativity for Innovation,HEC Paris,COURSE,4.9,Beginner,9500.0
72,"Brand Management: Aligning Business, Brand and Behaviour",London Business School,COURSE,4.9,Beginner,57000.0
238,Branding: The Creative Journey,IE Business School,SPECIALIZATION,4.6,Beginner,26000.0
486,Budgeting and Scheduling Projects,"University of California, Irvine",COURSE,4.7,Mixed,84000.0
688,Bugs 101: Insect-Human Interactions,University of Alberta,COURSE,4.9,Beginner,15000.0
395,Build a Modern Computer from First Principles: From Nand to Tetris (Project-Centered Course),Hebrew University of Jerusalem,COURSE,4.9,Mixed,95000.0
653,Building Batch Data Pipelines on GCP,Google Cloud,COURSE,4.5,Intermediate,7300.0
670,Building Conversational Experiences with Dialogflow,Google Cloud,COURSE,4.5,Beginner,22000.0
884,Building Resilient Streaming Analytics Systems on GCP,Google Cloud,COURSE,4.6,Intermediate,5800.0
610,Building Scalable Java Microservices with Spring Boot and Spring Cloud,Google Cloud,COURSE,4.3,Intermediate,24000.0
824,Building Your Leadership Skills,HEC Paris,COURSE,4.5,Mixed,67000.0
17,Business Analytics,University of Pennsylvania,SPECIALIZATION,4.6,Beginner,280000.0
611,Business English,Arizona State University,SPECIALIZATION,4.7,Intermediate,38000.0
168,Business English Communication Skills,University of Washington,SPECIALIZATION,4.7,Intermediate,120000.0
738,Business English: Networking,University of Washington,COURSE,4.7,Intermediate,77000.0
7,Business Foundations,University of Pennsylvania,SPECIALIZATION,4.7,Beginner,510000.0
410,Business Model Innovation,HEC Paris,COURSE,4.7,Mixed,13000.0
96,Business Statistics and Analysis,Rice University,SPECIALIZATION,4.7,Beginner,110000.0
126,Business Strategies for A Better World,University of Pennsylvania,SPECIALIZATION,4.7,Beginner,24000.0
104,Business Strategy,University of Virginia,SPECIALIZATION,4.7,Beginner,89000.0
233,Business Technology Management,Indian School of Business,SPECIALIZATION,4.5,Beginner,67000.0
478,Business Transformation with Google Cloud,Google Cloud,COURSE,4.7,Beginner,10000.0
539,Business Writing,University of Colorado Boulder,COURSE,4.8,Beginner,48000.0
23,Business and Financial Modeling,University of Pennsylvania,SPECIALIZATION,4.5,Beginner,160000.0
662,C for Everyone: Programming Fundamentals,"University of California, Santa Cruz",COURSE,4.5,Beginner,31000.0
222,C# Programming for Unity Game Development,University of Colorado System,SPECIALIZATION,4.7,Beginner,36000.0
21,COVID-19 Contact Tracing,Johns Hopkins University,COURSE,4.9,Beginner,220000.0
450,COVID-19: What You Need to Know (CME Eligible),Osmosis,COURSE,4.8,Beginner,32000.0
525,"Cameras, Exposure, and Photography",Michigan State University,COURSE,4.7,Mixed,130000.0
536,"Capstone: Retrieving, Processing, and Visualizing Data with Python",University of Michigan,COURSE,4.6,Mixed,82000.0
44,Career Success,"University of California, Irvine",SPECIALIZATION,4.4,Beginner,790000.0
736,Challenging Forensic Science: How Science Should Speak to Court,University of Lausanne,COURSE,4.8,Beginner,31000.0
718,Chemicals and Health,Johns Hopkins University,COURSE,4.7,Beginner,23000.0
726,Chicken Behaviour and Welfare,The University of Edinburgh,COURSE,4.7,Mixed,19000.0
161,Child Nutrition and Cooking,Stanford University,COURSE,4.7,Beginner,30000.0
737,Chinese for HSK 1,Peking University,COURSE,4.8,Beginner,22000.0
95,Cisco Networking Basics,Cisco,SPECIALIZATION,4.7,Beginner,57000.0
848,Classical Sociological Theory,University of Amsterdam,COURSE,4.8,Mixed,51000.0
457,Climate Change and Health: From Science to Action,Yale University,SPECIALIZATION,4.6,Beginner,4800.0
275,Clinical Terminology for International and U.S. Students,University of Pittsburgh,COURSE,4.8,Beginner,32000.0
349,Cloud Computing,University of Illinois at Urbana-Champaign,SPECIALIZATION,4.4,Intermediate,110000.0
777,Cloud Computing Basics (Cloud 101),LearnQuest,COURSE,4.5,Beginner,37000.0
9,Cloud Engineering with Google Cloud,Google Cloud,PROFESSIONAL CERTIFICATE,4.7,Intermediate,310000.0
276,Coaching Skills for Managers,"University of California, Davis",SPECIALIZATION,4.7,Intermediate,37000.0
655,Code Yourself! An Introduction to Programming,The University of Edinburgh,COURSE,4.7,Beginner,120000.0
709,Communication Skills for Engineers,Rice University,SPECIALIZATION,4.7,Beginner,15000.0
305,Communication Strategies for a Virtual Age,University of Toronto,COURSE,4.8,Beginner,43000.0
890,Compassionate Leadership Through Service Learning with Jane Goodall and Roots & Shoots,University of Colorado Boulder,COURSE,4.9,Beginner,6400.0
391,Computational Social Science,"University of California, Davis",SPECIALIZATION,4.6,Beginner,5800.0
221,Computational Thinking for Problem Solving,University of Pennsylvania,COURSE,4.8,Beginner,33000.0
621,Computer Security and Systems Management,University of Colorado System,SPECIALIZATION,4.6,Beginner,27000.0
439,Conflict Management,"University of California, Irvine",SPECIALIZATION,4.3,Beginner,66000.0
728,Construction Cost Estimating and Cost Control,Columbia University,COURSE,4.7,Beginner,19000.0
48,Construction Management,Columbia University,SPECIALIZATION,4.7,Beginner,61000.0
290,Construction Project Management,Columbia University,COURSE,4.8,Beginner,43000.0
794,Construction Scheduling,Columbia University,COURSE,4.8,Beginner,15000.0
273,Content Strategy for Professionals,Northwestern University,SPECIALIZATION,4.5,Beginner,27000.0
448,Continuous Delivery & DevOps,University of Virginia,COURSE,4.6,Beginner,26000.0
815,Control of Mobile Robots,Georgia Institute of Technology,COURSE,4.8,Mixed,49000.0
207,Convolutional Neural Networks,deeplearning.ai,COURSE,4.9,Intermediate,240000.0
358,Convolutional Neural Networks in TensorFlow,deeplearning.ai,COURSE,4.7,Intermediate,46000.0
725,Corporate & Commercial Law I: Contracts & Employment Law,University of Illinois at Urbana-Champaign,COURSE,4.8,Intermediate,10000.0
458,Corporate Finance Essentials,IESE Business School,COURSE,4.8,Mixed,56000.0
714,Corporate Strategy,UCL School of Management,COURSE,4.8,Beginner,7800.0
301,Corporate Sustainability. Understanding and Seizing the Strategic Opportunity,University of  Bocconi,COURSE,4.6,Mixed,10000.0
854,Cost and Economics in Pricing Strategy,University of Virginia,COURSE,4.8,Beginner,15000.0
544,Costos para los Negocios,Universidad de Chile,COURSE,4.8,Intermediate,43000.0
179,Crash Course on Python,Google,COURSE,4.8,Beginner,81000.0
463,Creative Problem Solving,University of Minnesota,COURSE,4.3,Mixed,140000.0
59,Creative Writing,Wesleyan University,SPECIALIZATION,4.6,Beginner,140000.0
371,Creative Writing: The Craft of Plot,Wesleyan University,COURSE,4.7,Mixed,120000.0
248,Culture-Driven Team Building,University of Pennsylvania,SPECIALIZATION,4.6,Beginner,150000.0
820,Curanderismo: Traditional Healing Using Plants,University of New Mexico,COURSE,4.6,Beginner,26000.0
566,Customer Segmentation and Prospecting,Northwestern University,COURSE,4.7,Beginner,22000.0
372,Cybersecurity,"University of Maryland, College Park",SPECIALIZATION,4.5,Intermediate,17000.0
821,Cybersecurity and Its Ten Domains,University System of Georgia,COURSE,4.2,Beginner,5.5
497,Cybersecurity for Business,University of Colorado System,SPECIALIZATION,4.6,Beginner,18000.0
764,Dairy Production and Management,The Pennsylvania State University,COURSE,4.8,Mixed,140000.0
812,Data Analysis and Interpretation,Wesleyan University,SPECIALIZATION,4.4,Beginner,23000.0
39,Data Analysis and Presentation Skills: the PwC Approach,PwC,SPECIALIZATION,4.6,Beginner,55000.0
277,Data Analysis with Python,IBM,COURSE,4.7,Beginner,23000.0
605,Data Analytics for Lean Six Sigma,University of Amsterdam,COURSE,4.8,Beginner,100000.0
783,Data Collection and Processing with Python,University of Michigan,COURSE,4.7,Intermediate,220000.0
679,Data Engineering on Google Cloud Platform ,Google Cloud,SPECIALIZATION,4.4,Intermediate,110000.0
22,Data Engineering with Google Cloud,Google Cloud,PROFESSIONAL CERTIFICATE,4.6,Intermediate,24000.0
24,"Data Engineering, Big Data, and Machine Learning on GCP",Google Cloud,SPECIALIZATION,4.6,Intermediate,19000.0
383,Data Management for Clinical Research,Vanderbilt University,COURSE,4.7,Beginner,3000.0
434,Data Mining,University of Illinois at Urbana-Champaign,SPECIALIZATION,4.4,Intermediate,120000.0
13,Data Science,Johns Hop000ins University,SPECIALIZATION,4.5,Beginner,120000.0
399,Data Science Math S000ills,Duke University,COURSE,4.5,Beginner,42000.0
198,Data Science Methodology,IBM,COURSE,4.6,Beginner,140000.0
15,Data Science: Foundations using R,Johns Hopkins University,SPECIALIZATION,4.6,Beginner,830000.0
148,Data Science: Statistics and Machine Learning,Johns Hopkins University,SPECIALIZATION,4.4,Intermediate,140000.0
686,Data Visualization and Communication with Tableau,Duke University,COURSE,4.7,Mixed,89000.0
804,Data Visualization with Advanced Excel,PwC,COURSE,4.8,Beginner,740000.0
420,Data Visualization with Python,IBM,COURSE,4.6,Intermediate,210000.0
70,Data Visualization with Tableau,"University of California, Davis",SPECIALIZATION,4.5,Beginner,130000.0
288,Data Warehousing for Business Intelligence,University of Colorado System,SPECIALIZATION,4.5,Advanced,60000.0
871,Data and Health Indicators in Public Health Practice,Johns Hopkins University,COURSE,4.7,Beginner,66000.0
376,Data-driven Decision Making,PwC,COURSE,4.6,Beginner,96000.0
263,Databases and SQL for Data Science,IBM,COURSE,4.7,Beginner,140000.0
519,De-Mystifying Mindfulness,Universiteit Leiden,COURSE,4.8,Beginner,18000.0
813,Decision-Making and Scenarios,University of Pennsylvania,COURSE,4.6,Mixed,120000.0
5,Deep Learning,deeplearning.ai,SPECIALIZATION,4.8,Intermediate,110000.0
806,Dentistry 101,University of Michigan,COURSE,4.7,Beginner,31000.0
627,Dermatology: Trip to skin,Novosibirsk State University ,COURSE,4.4,Beginner,690000.0
100,Design Thinking for Innovation,University of Virginia,COURSE,4.6,Beginner,44000.0
674,Design Thinking for the Greater Good: Innovation in the Social Sector,University of Virginia,COURSE,4.6,Beginner,4500.0
139,Design and Interpretation of Clinical Trials,Johns Hopkins University,COURSE,4.7,Mixed,8200.0
522,Design and Make Infographics (Project-Centered Course),Michigan State University,COURSE,4.7,Mixed,240000.0
430,Design-Led Strategy: Design thinking for business strategy and entrepreneurship,The University of Sydney,COURSE,4.6,Intermediate,17000.0
338,Developing APIs with Google Cloud's Apigee API Platform,Google Cloud,SPECIALIZATION,4.6,Intermediate,67000.0
18,Developing Applications with Google Cloud Platform,Google Cloud,SPECIALIZATION,4.7,Intermediate,97000.0
720,Developing Industrial Internet of Things,University of Colorado Boulder,SPECIALIZATION,4.6,Intermediate,16000.0
756,Developing Your Musicianship,Berklee College of Music,COURSE,4.8,Mixed,300000.0
205,Developing Your Musicianship,Berklee College of Music,SPECIALIZATION,4.8,Beginner,4000.0
397,Devenir entrepreneur du changement,Ticket for Change,COURSE,4.7,Mixed,8000.0
239,Digital Advertising Strategy,University of Colorado Boulder,SPECIALIZATION,4.4,Beginner,41000.0
855,Digital Business Models,Lund University,COURSE,4.5,Beginner,54000.0
237,Digital Manufacturing & Design Technology,University at Buffalo,SPECIALIZATION,4.6,Beginner,54000.0
28,Digital Marketing,University of Illinois at Urbana-Champaign,SPECIALIZATION,4.6,Beginner,9000.0
852,Digital Media and Marketing Strategies,University of Illinois at Urbana-Champaign,COURSE,4.4,Mixed,21000.0
53,Digital Product Management,University of Virginia,SPECIALIZATION,4.7,Beginner,37000.0
381,Digital Product Management: Modern Fundamentals,University of Virginia,COURSE,4.7,Beginner,380000.0
490,Dino 101: Dinosaur Paleobiology,University of Alberta,COURSE,4.5,Beginner,57000.0
697,Discrete Optimization,The University of Melbourne,COURSE,4.9,Intermediate,140000.0
378,"Divide and Conquer, Sorting and Searching, and Randomized Algorithms",Stanford University,COURSE,4.8,Intermediate,40000.0
392,Dog Emotion and Cognition,Duke University,COURSE,4.6,Mixed,4000.0
624,Driving business towards the Sustainable Development Goals,Erasmus University Rotterdam,COURSE,4.8,Beginner,21000.0
487,Drug Commercialization,University of California San Diego,COURSE,4.7,Beginner,130000.0
342,Drug Discovery,University of California San Diego,COURSE,4.6,Beginner,150000.0
166,Dynamic Public Speaking,University of Washington,SPECIALIZATION,4.7,Beginner,5600.0
832,EMT Foundations,University of Colorado System,COURSE,4.8,Beginner,17000.0
494,Ecology: Ecosystem Dynamics and Conservation,American Museum of Natural History,COURSE,4.8,Intermediate,39000.0
641,Econometrics: Methods and Applications,Erasmus University Rotterdam,COURSE,4.7,Mixed,110000.0
229,Economics of Money and Banking,Columbia University,COURSE,4.9,Mixed,7100.0
707,Ecosystem Services: a Method for Sustainable Development,University of Geneva,COURSE,4.7,Intermediate,18000.0
773,Effective Compliance Programs,University of Pennsylvania,COURSE,4.9,Mixed,110000.0
564,Elastic Google Cloud Infrastructure: Scaling and Automation,Google Cloud,COURSE,4.7,Intermediate,3400.0
870,Electric Industry Operations and Markets,Duke University,COURSE,4.8,Beginner,46000.0
122,Electronic Music Production,Berklee College of Music,SPECIALIZATION,4.8,Intermediate,1500.0
733,Emerging Technologies: From Smartphones to IoT to Big Data,Yonsei University,SPECIALIZATION,4.6,Beginner,57000.0
267,"Energy Production, Distribution & Safety",University at Buffalo,SPECIALIZATION,4.7,Beginner,12000.0
461,Engineering Health: Introduction to Yoga and Physiology,New York University,COURSE,4.8,Beginner,110000.0
560,Engineering Project Management: Initiating and Planning,Rice University,COURSE,4.7,Beginner,17000.0
613,English Composition I,Duke University,COURSE,4.6,Beginner,37000.0
225,English for Business and Entrepreneurship,University of Pennsylvania,COURSE,4.8,Beginner,14000.0
175,English for Career Development,University of Pennsylvania,COURSE,4.8,Mixed,23000.0
303,English for Journalism,University of Pennsylvania,COURSE,4.8,Mixed,200000.0
547,English for Research Publication Purposes,Moscow Institute of Physics and Technology,SPECIALIZATION,4.6,Intermediate,230000.0
598,"English for Science, Technology, Engineering, and Mathematics",University of Pennsylvania,COURSE,4.8,Beginner,760000.0
770,Enterprise Architecture,Peter the Great St. Petersburg Polytechnic University,COURSE,4.4,Beginner,130000.0
292,Entrepreneurial Finance: Strategy and Innovation,Duke University,SPECIALIZATION,4.5,Intermediate,42000.0
33,Entrepreneurship,University of Pennsylvania,SPECIALIZATION,4.8,Beginner,110000.0
246,Entrepreneurship 1: Developing the Opportunity,University of Pennsylvania,COURSE,4.8,Mixed,2400.0
496,Entrepreneurship 2: Launching your Start-Up,University of Pennsylvania,COURSE,4.8,Mixed,7900.0
704,Entrepreneurship 3: Growth Strategies,University of Pennsylvania,COURSE,4.7,Beginner,110000.0
623,Entrepreneurship Strategy: From Ideation to Exit,HEC Paris,COURSE,4.8,Beginner,86000.0
502,Entrepreneurship: Launching an Innovative Business,"University of Maryland, College Park",SPECIALIZATION,4.6,Beginner,38000.0
527,Epidemics - the Dynamics of Infectious Diseases,The Pennsylvania State University,COURSE,4.8,Mixed,31000.0
570,"Epidemics, Pandemics and Outbreaks",University of Pittsburgh,COURSE,4.7,Mixed,20000.0
426,Epidemiology for Public Health,Imperial College London,SPECIALIZATION,4.7,Beginner,69000.0
60,Epidemiology in Public Health Practice,Johns Hopkins University,SPECIALIZATION,4.7,Beginner,45000.0
351,Epidemiology: The Basic Science of Public Health,The University of North Carolina at Chapel Hill,COURSE,4.6,Mixed,23000.0
708,Epigenetic Control of Gene Expression,The University of Melbourne,COURSE,4.8,Mixed,6400.0
444,Equine Welfare and Management,"University of California, Davis",COURSE,4.8,Beginner,31000.0
693,Esports,"University of California, Irvine",SPECIALIZATION,4.5,Beginner,130000.0
454,Essential Epidemiologic Tools for Public Health Practice,Johns Hopkins University,COURSE,4.7,Beginner,35000.0
446,Essential Google Cloud Infrastructure: Core Services,Google Cloud,COURSE,4.7,Intermediate,7200.0
347,Essential Google Cloud Infrastructure: Foundation,Google Cloud,COURSE,4.7,Intermediate,1800.0
314,Essentials in Clinical Simulations Across the Health Professions,The George Washington University,COURSE,4.8,Intermediate,14000.0
436,Essentials of Corporate Finance,The University of Melbourne,SPECIALIZATION,4.6,Intermediate,68000.0
319,Essentials of Global Health,Yale University,COURSE,4.8,Mixed,83000.0
256,"Everyday Excel, Part 1",University of Colorado Boulder,COURSE,4.8,Beginner,31000.0
278,Everyday Parenting: The ABCs of Child Rearing,Yale University,COURSE,4.9,Beginner,27000.0
11,Excel Skills for Business,Macquarie University,SPECIALIZATION,4.9,Beginner,13000.0
591,Excel Skills for Business: Advanced,Macquarie University,COURSE,4.7,Intermediate,11000.0
92,Excel Skills for Business: Essentials,Macquarie University,COURSE,4.9,Beginner,86000.0
218,Excel Skills for Business: Intermediate I,Macquarie University,COURSE,4.9,Intermediate,240000.0
419,Excel Skills for Business: Intermediate II,Macquarie University,COURSE,4.8,Intermediate,39000.0
38,Excel to MySQL: Analytic Techniques for Business,Duke University,SPECIALIZATION,4.6,Beginner,200000.0
124,Excel/VBA for Creative Problem Solving,University of Colorado Boulder,SPECIALIZATION,4.8,Beginner,76000.0
418,"Excel/VBA for Creative Problem Solving, Part 1",University of Colorado Boulder,COURSE,4.8,Beginner,39000.0
137,Executive Data Science,Johns Hopkins University,SPECIALIZATION,4.5,Beginner,490000.0
99,Fashion as Design,The Museum of Modern Art,COURSE,4.8,Beginner,54000.0
509,Feminism and Social Justice,"University of California, Santa Cruz",COURSE,4.8,Beginner,170000.0
442,FinTech Law and Policy,Duke University,COURSE,4.8,Beginner,28000.0
531,FinTech: Finance Industry Transformation and Regulation,The Hong Kong University of Science and Technology,SPECIALIZATION,4.6,Beginner,180000.0
453,"FinTech: Foundations, Payments, and Regulations",University of Pennsylvania,COURSE,4.7,Beginner,18000.0
16,Finance & Quantitative Modeling for Analysts,University of Pennsylvania,SPECIALIZATION,4.5,Beginner,9700.0
257,Finance for Non-Finance Professionals,Rice University,COURSE,4.8,Beginner,13000.0
778,Finance for Non-Financial Managers,Emory University,COURSE,4.4,Intermediate,12000.0
85,Financial Accounting Fundamentals,University of Virginia,COURSE,4.8,Beginner,260000.0
396,Financial Acumen for Non-Financial Managers,University of Pennsylvania,COURSE,4.5,Beginner,69000.0
158,Financial Engineering and Risk Management Part I,Columbia University,COURSE,4.6,Mixed,12000.0
149,Financial Management,University of Illinois at Urbana-Champaign,SPECIALIZATION,4.7,Intermediate,65000.0
14,Financial Markets,Yale University,COURSE,4.8,Beginner,10000.0
259,Financial Markets and Investment Strategy,Indian School of Business,SPECIALIZATION,4.5,Beginner,100000.0
682,Financial Reporting,University of Illinois at Urbana-Champaign,SPECIALIZATION,4.8,Intermediate,76000.0
356,Financial Technology (Fintech) Innovations,University of Michigan,SPECIALIZATION,4.7,Beginner,470000.0
382,Financing and Investing in Infrastructure,University of  Bocconi,COURSE,4.8,Mixed,60000.0
366,Finanzas corporativas,University of  Bocconi,SPECIALIZATION,4.6,Intermediate,12000.0
552,Finanzas personales,University of  Bocconi,COURSE,4.8,Mixed,6500.0
109,Finding Purpose and Meaning In Life: Living for What Matters Most,University of Michigan,COURSE,4.7,Beginner,24000.0
66,Fintech: Foundations & Applications of Financial Technology,University of Pennsylvania,SPECIALIZATION,4.6,Beginner,30000.0
113,First Step Korean,Yonsei University,COURSE,4.9,Beginner,310000.0
102,Food & Beverage Management,University of  Bocconi,COURSE,4.8,Mixed,36000.0
174,Forensic Accounting and Fraud Examination,West Virginia University,COURSE,4.7,Mixed,20000.0
337,Foundational Finance for Strategic Decision Making,University of Michigan,SPECIALIZATION,4.8,Beginner,57000.0
721,Foundations of Business Strategy,University of Virginia,COURSE,4.8,Beginner,42000.0
775,Foundations of Everyday Leadership,University of Illinois at Urbana-Champaign,COURSE,4.8,Mixed,4400.0
313,Foundations of Global Health,Johns Hopkins University,SPECIALIZATION,4.7,Beginner,14000.0
209,Foundations of Management,IESE Business School,SPECIALIZATION,4.8,Beginner,63000.0
569,Foundations of Marketing Analytics,Emory University,SPECIALIZATION,4.2,Intermediate,62000.0
32,Foundations of Positive Psychology,University of Pennsylvania,SPECIALIZATION,4.8,Beginner,31000.0
521,Foundations of Public Health Practice,Imperial College London,SPECIALIZATION,4.8,Beginner,64000.0
203,From Data to Insights with Google Cloud Platform,Google Cloud,SPECIALIZATION,4.6,Beginner,27000.0
698,From the Big Bang to Dark Energy,The University of Tokyo,COURSE,4.8,Beginner,89000.0
863,Front-End Web Development with React,The Hong Kong University of Science and Technology,COURSE,4.7,Intermediate,3200.0
501,Front-End Web UI Frameworks and Tools: Bootstrap 4,The Hong Kong University of Science and Technology,COURSE,4.8,Intermediate,26000.0
108,Full Stack Web and Multiplatform Mobile App Development,The Hong Kong University of Science and Technology,SPECIALIZATION,4.7,Intermediate,52000.0
89,Full-Stack Web Development with React,The Hong Kong University of Science and Technology,SPECIALIZATION,4.7,Intermediate,45000.0
441,Fundamental Neuroscience for Neuroimaging,Johns Hopkins University,COURSE,4.6,Beginner,140000.0
295,Fundamentals of Accounting,University of Illinois at Urbana-Champaign,SPECIALIZATION,4.6,Beginner,170000.0
164,Fundamentals of Computing,Rice University,SPECIALIZATION,4.8,Beginner,220000.0
581,Fundamentals of Engineering Exam Review,Georgia Institute of Technology,COURSE,4.7,Mixed,30000.0
425,Fundamentals of GIS,"University of California, Davis",COURSE,4.8,Beginner,39000.0
162,Fundamentals of Graphic Design,California Institute of the Arts,COURSE,4.8,Beginner,200000.0
130,Fundamentals of Immunology,Rice University,SPECIALIZATION,4.7,Intermediate,49000.0
415,Fundamentals of Immunology: Innate Immunity and B-Cell Function,Rice University,COURSE,4.7,Intermediate,86000.0
633,Fundamentals of Music Theory,The University of Edinburgh,COURSE,4.6,Beginner,290000.0
77,Fundamentals of Project Planning and Management,University of Virginia,COURSE,4.7,Beginner,20000.0
165,Fundamentals of Quantitative Modeling,University of Pennsylvania,COURSE,4.6,Mixed,18000.0
475,Fundamentals of Reinforcement Learning,University of Alberta,COURSE,4.8,Intermediate,180000.0
520,Fundamentals of Visualization with Tableau,"University of California, Davis",COURSE,4.5,Beginner,120000.0
742,Fundamentos Empresariales,University of Pennsylvania,SPECIALIZATION,4.6,Beginner,110000.0
724,Fundamentos de Excel para Negocios,Universidad Austral,COURSE,4.7,Beginner,81000.0
388,Fundamentos de Finanzas Empresariales,Universidad de los Andes,COURSE,4.8,Beginner,25000.0
370,Fundraising and Development,"University of California, Davis",SPECIALIZATION,4.6,Beginner,150000.0
145,Futures Thin000ing,Institute for the Future,SPECIALIZATION,4.8,Beginner,110000.0
115,G Suite Administration,Google Cloud,SPECIALIZATION,4.7,Beginner,47000.0
286,"GIS, Mapping, and Spatial Analysis",University of Toronto,SPECIALIZATION,4.8,Beginner,4900.0
206,Game Design and Development,Michigan State University,SPECIALIZATION,4.7,Intermediate,9400.0
141,Game Theory,Stanford University,COURSE,4.6,Beginner,10000.0
268,Gamification,University of Pennsylvania,COURSE,4.8,Mixed,140000.0
802,Gender and Sexuality: Diversity and Inclusion in the Wor000place,University of Pittsburgh,COURSE,4.7,Beginner,100000.0
76,Genomic Data Science,Johns Hopkins University,SPECIALIZATION,4.4,Intermediate,260000.0
79,Geographic Information Systems  (GIS),"University of California, Davis",SPECIALIZATION,4.8,Beginner,110000.0
540,Get Interactive: Practical Teaching with Technology,Bloomsbury Learning Exchange,COURSE,4.7,Beginner,19000.0
681,Getting Started With Music Theory,Michigan State University,COURSE,4.5,Beginner,34000.0
568,Getting Started with AWS Machine Learning,Amazon Web Services,COURSE,4.5,Intermediate,47000.0
734,Getting Started with Go,"University of California, Irvine",COURSE,4.6,Intermediate,14000.0
422,Getting Started with Google Kubernetes Engine,Google Cloud,COURSE,4.5,Intermediate,59000.0
411,Getting Started with Google Sheets,Google Cloud,COURSE,4.6,Beginner,73000.0
538,Getting Started with SAS Programming,SAS,COURSE,4.9,Beginner,59000.0
400,Global Diplomacy: the United Nations in the World,SOAS University of London,COURSE,4.7,Beginner,18000.0
643,Global Energy and Climate Policy,SOAS University of London,COURSE,4.5,Beginner,22000.0
578,Global Environmental Management,Technical University of Denmark (DTU),COURSE,4.6,Intermediate,79000.0
835,Global Financial Markets and Instruments,Rice University,COURSE,4.6,Mixed,29000.0
761,Global Financing Solutions  (by EDHEC and SociÃ©tÃ© GÃ©nÃ©rale),EDHEC Business School,COURSE,4.6,Intermediate,10000.0
740,Global Trends for Business and Society,University of Pennsylvania,COURSE,4.8,Mixed,22000.0
717,"Globalization, Economic Growth and Stability",IE Business School,SPECIALIZATION,4.8,Intermediate,37000.0
355,Good with Words: Writing and Editing,University of Michigan,SPECIALIZATION,4.6,Beginner,3600.0
227,Google Cloud Platform Big Data and Machine Learning Fundamentals,Google Cloud,COURSE,4.6,Intermediate,7600.0
849,Google Cloud Platform Fundamentals for AWS Professionals,Google Cloud,COURSE,4.7,Intermediate,44000.0
25,Google IT Automation with Python,Google,PROFESSIONAL CERTIFICATE,4.7,Beginner,3800.0
4,Google IT Support,Google,PROFESSIONAL CERTIFICATE,4.8,Beginner,120000.0
385,Grammar and Punctuation,"University of California, Irvine",COURSE,4.7,Mixed,36000.0
513,Graphic Design Elements for Non-Designers,University of Colorado Boulder,SPECIALIZATION,4.7,Beginner,93000.0
287,Greek and Roman Mythology,University of Pennsylvania,COURSE,4.8,Mixed,350000.0
369,Greening the Economy: Sustainable Cities,Lund University,COURSE,4.6,Beginner,430000.0
757,Guitar for Beginners,Berklee College of Music,COURSE,4.8,Mixed,10000.0
710,Gut Check: Exploring Your Microbiome,University of California San Diego,COURSE,4.7,Mixed,260000.0
329,"HTML, CSS, and Javascript for Web Developers",Johns Hopkins University,COURSE,4.8,Mixed,56000.0
231,Habilidades Gerenciales,Johns Hopkins University,SPECIALIZATION,4.7,Beginner,210000.0
803,Hardware Description Languages for FPGA Design,University of Colorado Boulder,COURSE,4.2,Intermediate,240000.0
429,Healing with the Arts,University of Florida,COURSE,4.6,Mixed,43000.0
244,Health Informatics,Johns Hopkins University,SPECIALIZATION,4.5,Beginner,62000.0
739,Health Information Literacy for Data Analytics,"University of California, Davis",SPECIALIZATION,4.5,Intermediate,7400.0
373,Healthcare Law,University of Pennsylvania,SPECIALIZATION,4.7,Intermediate,39000.0
423,Healthcare Marketplace,University of Minnesota,SPECIALIZATION,4.4,Beginner,8100.0
596,Healthcare Organization Operations,Rutgers the State University of New Jersey,SPECIALIZATION,4.6,Beginner,5400.0
845,"High Performance Collaboration: Leadership, Teamwork, and Negotiation",Northwestern University,COURSE,4.8,Mixed,1700.0
700,Homeland Security and Cybersecurity,University of Colorado System,SPECIALIZATION,4.7,Beginner,36000.0
177,"Hotel Management: Distribution, Revenue and Demand Management",ESSEC Business School,SPECIALIZATION,4.6,Beginner,5500.0
554,How Things Work: An Introduction to Physics,University of Virginia,COURSE,4.8,Intermediate,46000.0
767,How To Create a Website in a Weekend! (Project-Centered Course),The State University of New York,COURSE,3.3,Mixed,5500.0
609,How to Start Your Own Business,Michigan State University,SPECIALIZATION,4.1,Beginner,28000.0
52,Human Resource Management: HR for People Managers,University of Minnesota,SPECIALIZATION,4.7,Beginner,170000.0
34,IBM AI Engineering,IBM,PROFESSIONAL CERTIFICATE,4.6,Intermediate,140000.0
571,IBM AI Enterprise Workflow,IBM,SPECIALIZATION,4.4,Advanced,34000.0
12,IBM Applied AI,IBM,PROFESSIONAL CERTIFICATE,4.6,Beginner,98000.0
408,IBM Customer Engagement Specialist Professional Certificate,IBM,COURSE,4.8,Beginner,140000.0
0,IBM Data Science,IBM,PROFESSIONAL CERTIFICATE,4.6,Beginner,3500.0
98,IT Fundamentals for Cybersecurity,IBM,SPECIALIZATION,4.5,Beginner,220000.0
476,IT Security: Defense against the digital dark arts,Google,COURSE,4.8,Beginner,3300.0
856,"Identifying, Monitoring, and Analyzing Risk and Incident Response and Recovery",Google,COURSE,4.9,Beginner,480000.0
640,Implementing RPA with Cognitive Automation and Analytics,Automation Anywhere,SPECIALIZATION,4.6,Beginner,62000.0
36,Improve Your English Communication Skills,Georgia Institute of Technology,SPECIALIZATION,4.7,Beginner,1700.0
123,"Improving Deep Neural Networks: Hyperparameter tuning, Regularization and Optimization",deeplearning.ai,COURSE,4.9,Beginner,23000.0
748,Improving Leadership & Governance in Nonprofit Organizations,Luther College at the University of Regina,SPECIALIZATION,4.4,Beginner,2200.0
318,In the Studio: Postwar Abstract Painting,The Museum of Modern Art,COURSE,4.9,Beginner,610000.0
110,Indigenous Canada,University of Alberta,COURSE,4.8,Mixed,270000.0
572,Industrial IoT on Google Cloud Platform,Google Cloud,COURSE,4.5,Beginner,18000.0
401,Infectious Disease Modelling,Imperial College London,SPECIALIZATION,5.0,Intermediate,79000.0
805,Influencer Marketing Strategy,Rutgers the State University of New Jersey,COURSE,4.4,Intermediate,51000.0
224,"Influencing: Storytelling, Change Management and Governance",Macquarie University,SPECIALIZATION,4.8,Beginner,34000.0
549,Information Security: Context and Introduction,"Royal Holloway, University of London",COURSE,4.6,Beginner,1600.0
537,Information Visualization,New York University,SPECIALIZATION,4.6,Beginner,12000.0
169,Initiating and Planning Projects,"University of California, Irvine",COURSE,4.7,Mixed,32000.0
365,Innovation Management,Erasmus University Rotterdam,COURSE,4.6,Beginner,10000.0
747,"Innovation Through Design: Think, Make, Break, Repeat",The University of Sydney,COURSE,4.8,Beginner,16000.0
673,Innovation: From Creativity to Entrepreneurship,University of Illinois at Urbana-Champaign,SPECIALIZATION,4.8,Beginner,180000.0
219,Inspirational Leadership: Leading with Sense,HEC Paris,SPECIALIZATION,4.5,Beginner,40000.0
184,Inspired Leadership,Case Western Reserve University,SPECIALIZATION,4.7,Intermediate,10000.0
443,Inspiring and Motivating Individuals,University of Michigan,COURSE,4.8,Mixed,25000.0
345,Instructional Design Foundations and Applications,University of Illinois at Urbana-Champaign,COURSE,4.2,Mixed,72000.0
837,Instructional Methods in Health Professions Education,University of Michigan,COURSE,4.6,Intermediate,97000.0
171,Integrative Health and Medicine,University of Minnesota,SPECIALIZATION,4.8,Beginner,85000.0
120,Intellectual Property Law,University of Pennsylvania,SPECIALIZATION,4.8,Intermediate,12000.0
128,Interaction Design,University of California San Diego,SPECIALIZATION,4.5,Intermediate,9700.0
762,Intercultural Management,ESCP Business School,COURSE,4.6,Beginner,14000.0
451,International Business Essentials,University of London,SPECIALIZATION,4.5,Intermediate,8700.0
701,International Cyber Conflicts,The State University of New York,COURSE,4.4,Mixed,150000.0
404,International Humanitarian Law in Theory and Practice,Kalshoven-Gieskes Forum,COURSE,4.8,Beginner,6500.0
579,International Law in Action: A Guide to the International Courts and Tribunals in The Hague,Universität Leiden,COURSE,4.8,Mixed,22000.0
280,International Law in Action: the Arbitration of International Disputes,Universität Leiden,COURSE,4.8,Mixed,25000.0
615,International Marketing & Cross Industry Growth,Yonsei University,SPECIALIZATION,4.6,Beginner,36000.0
346,International Organizations Management,University of Geneva,COURSE,4.8,Beginner,19000.0
447,International Security Management,Erasmus University Rotterdam,COURSE,4.5,Beginner,41000.0
193,International Women's Health and Human Rights,Stanford University,COURSE,4.9,Beginner,26000.0
667,Internet Connection: How to Get Online?,Cisco,COURSE,4.7,Beginner,2200.0
834,Internet Giants: The Law and Economics of Media Platforms,The University of Chicago,COURSE,4.8,Mixed,35000.0
582,Interviewing and Resume Writing in English,"University of Maryland, College Park",SPECIALIZATION,4.6,Intermediate,11000.0
830,Introduction to Ableton Live,Berklee College of Music,COURSE,4.8,Mixed,140000.0
427,Introduction to Artificial Intelligence (AI),IBM,COURSE,4.7,Beginner,100000.0
862,Introduction to Big Data,University of California San Diego,COURSE,4.6,Mixed,46000.0
608,Introduction to Blockchain Technologies,INSEAD,COURSE,4.7,Beginner,60000.0
620,Introduction to Breast Cancer,Yale University,COURSE,4.9,Mixed,44000.0
713,Introduction to Business Analytics: Communicating with Data,University of Illinois at Urbana-Champaign,COURSE,4.7,Intermediate,160000.0
664,Introduction to CSS3,University of Michigan,COURSE,4.8,Mixed,16000.0
412,Introduction to Calculus,The University of Sydney,COURSE,4.8,Intermediate,27000.0
879,Introduction to Chemistry:  Reactions and Ratios,Duke University,COURSE,4.8,Beginner,14000.0
421,Introduction to Classical Music,Yale University,COURSE,4.9,Mixed,84000.0
594,Introduction to Cloud Computing,IBM,COURSE,4.6,Beginner,53000.0
780,Introduction to Computer Programming,"Goldsmiths, University of London",COURSE,4.3,Beginner,46000.0
254,Introduction to Computer Science and Programming,"Goldsmiths, University of London",SPECIALIZATION,4.3,Beginner,150000.0
336,Introduction to Corporate Finance,University of Pennsylvania,COURSE,4.6,Mixed,2600.0
723,Introduction to Cyber Attacks,New York University,COURSE,4.7,Beginner,20000.0
183,Introduction to Cyber Security,New York University,SPECIALIZATION,4.7,Beginner,32000.0
469,Introduction to Cybersecurity Tools & Cyber Attacks,IBM,COURSE,4.5,Beginner,130000.0
548,Introduction to Data Analysis Using Excel,Rice University,COURSE,4.7,Mixed,27000.0
1,Introduction to Data Science,IBM,SPECIALIZATION,4.6,Beginner,32000.0
187,Introduction to Data Science in Python,University of Michigan,COURSE,4.5,Intermediate,30000.0
253,Introduction to Dental Medicine,University of Pennsylvania,COURSE,4.8,Beginner,99000.0
196,Introduction to Discrete Mathematics for Computer Science,National Research University Higher School of Economics,SPECIALIZATION,4.4,Beginner,310000.0
745,Introduction to Electronics,Georgia Institute of Technology,COURSE,4.7,Mixed,390000.0
649,Introduction to Embedded Systems Software and Development Environments,University of Colorado Boulder,COURSE,4.5,Intermediate,25000.0
628,Introduction to Engineering Mechanics,Georgia Institute of Technology,COURSE,4.7,Mixed,75000.0
511,Introduction to Environmental Law and Policy,The University of North Carolina at Chapel Hill,COURSE,4.8,Mixed,110000.0
204,Introduction to Financial Accounting,University of Pennsylvania,COURSE,4.7,Mixed,41000.0
377,Introduction to Forensic Science,"Nanyang Technological University, Singapore",COURSE,4.9,Mixed,150000.0
850,Introduction to Game Development,Michigan State University,COURSE,4.8,Mixed,34000.0
499,Introduction to Genetics and Evolution,Duke University,COURSE,4.8,Mixed,200000.0
878,Introduction to Genomic Technologies,Johns Hopkins University,COURSE,4.6,Mixed,47000.0
307,Introduction to HTML5,University of Michigan,COURSE,4.7,Mixed,79000.0
774,Introduction to Imagemaking,California Institute of the Arts,COURSE,4.5,Beginner,74000.0
689,Introduction to Intellectual Property,University of Pennsylvania,COURSE,4.8,Beginner,42000.0
417,Introduction to International Criminal Law,Case Western Reserve University,COURSE,4.8,Mixed,220000.0
136,Introduction to Marketing,University of Pennsylvania,COURSE,4.8,Mixed,54000.0
340,Introduction to Mathematical Thinking,Stanford University,COURSE,4.8,Intermediate,6000.0
533,Introduction to Operations Management,University of Pennsylvania,COURSE,4.5,Mixed,82000.0
542,Introduction to Personal Branding,University of Virginia,COURSE,4.4,Beginner,220000.0
235,Introduction to Philosophy,The University of Edinburgh,COURSE,4.6,Mixed,270000.0
617,Introduction to Portfolio Construction and Analysis with Python,EDHEC Business School,COURSE,4.8,Mixed,87000.0
473,Introduction to Probability and Data,Duke University,COURSE,4.7,Beginner,140000.0
190,Introduction to Programming in C,Duke University,SPECIALIZATION,4.7,Beginner,370000.0
308,Introduction to Programming with MATLAB,Vanderbilt University,COURSE,4.8,Beginner,11000.0
29,Introduction to Psychology,Yale University,COURSE,4.9,Beginner,160000.0
293,Introduction to Scripting in Python,Rice University,SPECIALIZATION,4.7,Beginner,82000.0
729,Introduction to Self-Driving Cars,University of Toronto,COURSE,4.8,Advanced,270000.0
339,Introduction to Spreadsheets and Models,University of Pennsylvania,COURSE,4.2,Mixed,270000.0
766,Introduction to Statistics & Data Analysis in Public Health,Imperial College London,COURSE,4.7,Beginner,49000.0
312,Introduction to Sustainability,University of Illinois at Urbana-Champaign,COURSE,4.8,Mixed,39000.0
250,Introduction to Systematic Review and Meta-Analysis,Johns Hopkins University,COURSE,4.8,Mixed,76000.0
758,Introduction to Systems Engineering,UNSW Sydney (The University of New South Wales),COURSE,4.7,Mixed,12000.0
230,"Introduction to TensorFlow for Artificial Intelligence, Machine Learning, and Deep Learning",deeplearning.ai,COURSE,4.7,Intermediate,69000.0
735,Introduction to Thermodynamics: Transferring Energy from Here to There,University of Michigan,COURSE,4.8,Beginner,67000.0
659,"Introduction to Trading, Machine Learning & GCP",New York Institute of Finance,COURSE,4.0,Intermediate,33000.0
557,Introduction to Typography,California Institute of the Arts,COURSE,4.8,Beginner,150000.0
428,Introduction to User Experience Design,Georgia Institute of Technology,COURSE,4.5,Beginner,4100.0
744,Introduction to User Experience Principles and Processes,University of Michigan,COURSE,4.8,Beginner,13000.0
625,Introduction to Web Development,"University of California, Davis",COURSE,4.7,Beginner,72000.0
194,Introduction to the Biology of Cancer,Johns Hopkins University,COURSE,4.8,Beginner,87000.0
270,Introductory Human Physiology,Duke University,COURSE,4.7,Mixed,16000.0
80,Investment Management,University of Geneva,SPECIALIZATION,4.7,Beginner,270000.0
147,Investment Management with Python and Machine Learning,EDHEC Business School,SPECIALIZATION,4.6,Beginner,4500.0
195,Investment and Portfolio Management,Rice University,SPECIALIZATION,4.5,Beginner,120000.0
639,Japanese for beginners 1,Saint Petersburg State University,COURSE,4.6,Beginner,99000.0
45,Java Programming and Software Engineering Fundamentals,Duke University,SPECIALIZATION,4.6,Beginner,14000.0
518,Java Programming: Solving Problems with Software,Duke University,COURSE,4.6,Beginner,49000.0
586,Julia Scientific Programming,University of Cape Town,COURSE,4.5,Beginner,4400.0
546,Kotlin for Java Developers,JetBrains,COURSE,4.7,Intermediate,380000.0
516,L'excellence opÃ©rationnelle en pratique,ESSEC Business School,COURSE,4.7,Beginner,160000.0
750,"L'impact investing, la finance qui change le monde",ESSEC Business School,SPECIALIZATION,4.6,Beginner,22000.0
654,Leadership Development for Engineers,Rice University,SPECIALIZATION,4.7,Beginner,37000.0
577,Leadership in 21st Century Organizations,Copenhagen Business School,COURSE,4.7,Mixed,8000.0
656,Leading Healthcare Quality and Safety,The George Washington University,COURSE,4.8,Beginner,6300.0
61,Leading People and Teams,University of Michigan,SPECIALIZATION,4.7,Beginner,17000.0
755,"Leading for Equity, Diversity and Inclusion in Higher Education",University of Michigan,COURSE,4.7,Intermediate,34000.0
433,Leading: Human Resource Management and Leadership,Macquarie University,SPECIALIZATION,4.8,Intermediate,16000.0
155,Learn Chinese: HSK Test Preparation,Peking University,SPECIALIZATION,4.8,Beginner,220000.0
786,Learn English,Tsinghua University,SPECIALIZATION,4.3,Beginner,5900.0
394,Learn English: Advanced Academic Speaking and Listening,"University of California, Irvine",SPECIALIZATION,4.5,Intermediate,16000.0
271,Learn English: Advanced Grammar and Punctuation,"University of California, Irvine",SPECIALIZATION,4.8,Advanced,43000.0
172,Learn English: Intermediate Grammar,"University of California, Irvine",SPECIALIZATION,4.7,Intermediate,22000.0
360,Learn Mandarin Chinese,Shanghai Jiao Tong University,SPECIALIZATION,4.8,Beginner,78000.0
74,Learn SQL Basics for Data Science,"University of California, Davis",SPECIALIZATION,4.6,Beginner,52000.0
112,Learn Spanish: Basic Spanish Vocabulary,"University of California, Davis",SPECIALIZATION,4.6,Beginner,120000.0
260,Learn to Program: The Fundamentals,University of Toronto,COURSE,4.8,Beginner,39000.0
311,Learn to Speak Korean 1,Yonsei University,COURSE,4.9,Beginner,160000.0
90,Learning to Teach Online,UNSW Sydney (The University of New South Wales),COURSE,4.7,Beginner,80000.0
839,Legal Tech & Startups,IE Business School,COURSE,4.5,Intermediate,180000.0
843,Linear Circuits 1: DC Analysis,Georgia Institute of Technology,COURSE,4.6,Mixed,7200.0
769,Love as a Force for Social Justice,Stanford University,COURSE,4.7,Beginner,10000.0
181,Machine Learning,University of Washington,SPECIALIZATION,4.6,Intermediate,23000.0
6,Machine Learning,Stanford University,COURSE,4.9,Mixed,29000.0
831,Machine Learning Foundations: A Case Study Approach,University of Washington,COURSE,4.6,Mixed,14000.0
352,Machine Learning and Reinforcement Learning in Finance,New York University,SPECIALIZATION,3.7,Intermediate,290000.0
585,Machine Learning for All,University of London,COURSE,4.6,Beginner,3200.0
264,Machine Learning for Business Professionals,Google Cloud,COURSE,4.6,Intermediate,240000.0
178,Machine Learning for Trading,Google Cloud,SPECIALIZATION,3.9,Intermediate,29000.0
321,Machine Learning with Python,IBM,COURSE,4.7,Intermediate,19000.0
125,Machine Learning with TensorFlow on Google Cloud Platform,Google Cloud,SPECIALIZATION,4.5,Intermediate,58000.0
791,Magic in the Middle Ages,Universitat de Barcelona,COURSE,4.6,Beginner,15000.0
435,Making Architecture,IE School of Architecture & Design,COURSE,4.7,Beginner,120000.0
467,Managerial Accounting Fundamentals,University of Virginia,COURSE,4.9,Beginner,78000.0
409,Managerial Economics and Business Analysis,University of Illinois at Urbana-Champaign,SPECIALIZATION,4.7,Beginner,43000.0
91,Managing Innovation and Design Thinking,HEC Paris,SPECIALIZATION,4.7,Beginner,120000.0
556,Managing Project Risks and Changes,"University of California, Irvine",COURSE,4.7,Mixed,11000.0
558,Managing Social and Human Capital,University of Pennsylvania,COURSE,4.5,Beginner,55000.0
796,Managing Your Health: The Role of Physical Therapy and Exercise,University of Toronto,COURSE,4.6,Beginner,23000.0
380,Market Research,"University of California, Davis",SPECIALIZATION,4.5,Beginner,71000.0
241,Marketing Digital,"University of California, Davis",COURSE,4.8,Beginner,27000.0
325,Marketing Digital,University of Austria,SPECIALIZATION,4.7,Beginner,47000.0
449,Marketing Gerencial,University of  Chile,COURSE,4.7,Intermediate,22000.0
140,Marketing Mix Implementation,IE Business School,SPECIALIZATION,4.6,Beginner,81000.0
211,Marketing Strategy,IE Business School,SPECIALIZATION,4.4,Beginner,39000.0
669,Marketing Verde,IE Business School,COURSE,4.8,Mixed,49000.0
367,Marketing con Redes Sociales,IE Business School,SPECIALIZATION,4.4,Intermediate,93000.0
310,Marketing in a Digital World,University of Illinois at Urbana-Champaign,COURSE,4.7,Beginner,57000.0
550,Mastering Data Analysis in Excel,Duke University,COURSE,4.2,Mixed,58000.0
575,Mastering Final Cut Pro,LearnQuest,COURSE,4.6,Beginner,60000.0
563,Mastering Software Development in R,Johns Hopkins University,SPECIALIZATION,4.3,Beginner,310000.0
840,Materials Science: 10 Things Every Engineer Should Know,"University of California, Davis",COURSE,4.7,Mixed,280000.0
480,Mathematics for Data Science,National Research University Higher School of Economics,SPECIALIZATION,4.5,Beginner,8400.0
55,Mathematics for Machine Learning,Imperial College London,SPECIALIZATION,4.6,Beginner,52000.0
223,Mathematics for Machine Learning: Linear Algebra,Imperial College London,COURSE,4.7,Beginner,48000.0
528,Mathematics for Machine Learning: Multivariate Calculus,Imperial College London,COURSE,4.7,Beginner,12000.0
873,Mathematics for Machine Learning: PCA,Imperial College London,COURSE,4.0,Intermediate,150000.0
335,Medical Cannabis: The Health Effects of THC and CBD,University of Colorado Boulder,SPECIALIZATION,4.8,Beginner,140000.0
214,Medical Neuroscience,Duke University,COURSE,4.9,Advanced,51000.0
258,Memoir and Personal Essay: Write About Yourself,Wesleyan University,SPECIALIZATION,4.3,Beginner,33000.0
87,Methods and Statistics in Social Sciences,University of Amsterdam,SPECIALIZATION,4.6,Beginner,4800.0
489,Microeconomics Principles,University of Illinois at Urbana-Champaign,COURSE,4.9,Beginner,170000.0
464,Microeconomics: The Power of Markets,University of Pennsylvania,COURSE,4.7,Mixed,13000.0
470,Mindshift: Break Through Obstacles to Learning and Discover Your Hidden Potential,McMaster University,COURSE,4.8,Beginner,260000.0
517,Miracles of Human Language: An Introduction to Linguistics,Universität Leiden,COURSE,4.7,Beginner,73000.0
505,Model Thinking,University of Michigan,COURSE,4.8,Mixed,34000.0
706,Modeling Risk and Realities,University of Pennsylvania,COURSE,4.6,Mixed,230000.0
101,Modern Art & Ideas,The Museum of Modern Art,COURSE,4.7,Beginner,120000.0
296,Modern Big Data Analysis with SQL,Cloudera,SPECIALIZATION,4.8,Beginner,130000.0
333,"Modern Robotics:  Mechanics, Planning, and Control",Northwestern University,SPECIALIZATION,4.7,Intermediate,36000.0
523,Modernizing Data Lakes and Data Warehouses with GCP,Google Cloud,COURSE,4.7,Intermediate,310000.0
176,Moral Foundations of Politics,Yale University,COURSE,4.8,Mixed,14000.0
481,More Introduction to Financial Accounting,University of Pennsylvania,COURSE,4.9,Mixed,21000.0
652,Mountains 101,University of Alberta,COURSE,4.9,Mixed,9100.0
597,Municipal Solid Waste Management in Developing Countries,University of Alberta,COURSE,4.8,Intermediate,100000.0
188,Music Business,Berklee College of Music,SPECIALIZATION,4.8,Beginner,40000.0
784,Music Business Foundations,Berklee College of Music,COURSE,4.9,Mixed,44000.0
94,Music Production,Berklee College of Music,SPECIALIZATION,4.8,Beginner,59000.0
431,Natural Language Processing in TensorFlow,deeplearning.ai,COURSE,4.6,Intermediate,34000.0
226,"Negotiation, Mediation and Conflict Resolution",ESSEC Business School,SPECIALIZATION,4.7,Beginner,21000.0
842,Networking and Security Architecture with VMware NSX,VMware,COURSE,4.8,Intermediate,40000.0
20,Networking in Google Cloud,Google Cloud,SPECIALIZATION,4.7,Intermediate,95000.0
62,Neural Networks and Deep Learning,deeplearning.ai,COURSE,4.9,Intermediate,22000.0
471,Neurolinguistics,Saint Petersburg State University,COURSE,4.7,Mixed,17000.0
795,New Approaches to Countering Terror: Countering Violent Extremism,"University of Maryland, College Park",COURSE,4.7,Beginner,290000.0
343,Newborn Baby Care,University of Colorado System,SPECIALIZATION,4.8,Beginner,630000.0
255,Object Oriented Java Programming: Data Structures and Beyond,University of California San Diego,SPECIALIZATION,4.7,Intermediate,5300.0
86,Object Oriented Programming in Java,Duke University,SPECIALIZATION,4.6,Beginner,100000.0
510,Object-Oriented Data Structures in C++,University of Illinois at Urbana-Champaign,COURSE,4.7,Intermediate,35000.0
887,Object-Oriented Design,University of Alberta,COURSE,4.7,Intermediate,250000.0
323,Oil & Gas Industry Operations and Markets,Duke University,COURSE,4.8,Mixed,330000.0
416,"Open Source Software Development, Linux and Git",The Linux Foundation,SPECIALIZATION,4.4,Beginner,21000.0
316,Operating Systems and You: Becoming a Power User,Google,COURSE,4.6,Beginner,33000.0
398,Operations Analytics,University of Pennsylvania,COURSE,4.7,Mixed,57000.0
472,Optical Engineering,University of Colorado Boulder,SPECIALIZATION,4.2,Advanced,13000.0
116,Organizational Leadership,Northwestern University,SPECIALIZATION,4.7,Intermediate,76000.0
867,Osteoarchaeology: The Truth in Our Bones,Universiteit Leiden,COURSE,4.7,Beginner,80000.0
765,Palliative Care: It's Not Just Hospice Anymore,University of Colorado System,SPECIALIZATION,4.8,Beginner,6200.0
526,Palo Alto Networks Cybersecurity,Palo Alto Networks,SPECIALIZATION,4.6,Beginner,92000.0
445,"Parallel, Concurrent, and Distributed Programming in Java",Rice University,SPECIALIZATION,4.5,Intermediate,22000.0
872,Particle Physics: an Introduction,University of Geneva,COURSE,4.5,Mixed,3200.0
309,Patient Safety,Johns Hopkins University,SPECIALIZATION,4.8,Beginner,9100.0
810,Patrocinio Deportivo,University of Pennsylvania,COURSE,4.6,Beginner,30000.0
362,People Analytics,University of Pennsylvania,COURSE,4.5,Mixed,42000.0
665,Perfect Tenses and Modals,"University of California, Irvine",COURSE,4.7,Intermediate,8800.0
105,Photography Basics and Beyond: From Smartphone to DSLR,Michigan State University,SPECIALIZATION,4.7,Beginner,84000.0
503,Plant Bioinformatic Methods,University of Toronto,SPECIALIZATION,4.7,Beginner,79000.0
477,Politics and Economics of International Energy,University of Toronto,COURSE,4.7,Beginner,8900.0
216,Positive Psychiatry and Mental Health,The University of Sydney,COURSE,4.8,Mixed,160000.0
291,Positive Psychology,The University of North Carolina at Chapel Hill,COURSE,4.7,Mixed,83000.0
606,Positive Psychology: Applications and Interventions,University of Pennsylvania,COURSE,4.8,Beginner,34000.0
240,Positive Psychology: Martin E. P. Seligmanâ€™s Visionary Science,University of Pennsylvania,COURSE,4.8,Beginner,72000.0
646,Positive Psychology: Resilience Skills,University of Pennsylvania,COURSE,4.6,Beginner,180000.0
348,Power Electronics,University of Colorado Boulder,SPECIALIZATION,4.8,Intermediate,23000.0
320,Practical Data Science with MATLAB,MathWorks,SPECIALIZATION,4.7,Beginner,50000.0
692,Practical Time Series Analysis,The State University of New York,COURSE,4.6,Intermediate,40000.0
808,Preparing for the Google Cloud Associate Cloud Engineer Exam,Google Cloud,COURSE,4.7,Beginner,67000.0
389,Preparing to Manage Human Resources,University of Minnesota,COURSE,4.8,Mixed,10000.0
299,"Presentation Skills: Speechwriting, Slides and Delivery",E-Learning Development Fund,SPECIALIZATION,4.6,Beginner,39000.0
215,Pricing Strategy Optimization,BCG,SPECIALIZATION,4.8,Beginner,22000.0
57,Primeros Auxilios PsicolÃ³gicos (PAP),E-Learning Development Fund,COURSE,4.8,Mixed,68000.0
114,Private Equity and Venture Capital,Stanford University,COURSE,4.8,Mixed,47000.0
683,Probabilistic Graphical Models 1: Representation,Stanford University,COURSE,4.7,Advanced,20000.0
715,Probability and Statistics: To p or not to p?,University of London,COURSE,4.6,Beginner,280000.0
626,Process Mining: Data science in Action,Eindhoven University of Technology,COURSE,4.8,Intermediate,79000.0
364,"Programming Foundations with JavaScript, HTML and CSS",Duke University,COURSE,4.6,Beginner,68000.0
732,Programming Fundamentals,Duke University,COURSE,4.7,Beginner,36000.0
47,Programming for Everybody (Getting Started with Python),University of Michigan,COURSE,4.8,Mixed,39000.0
208,Programming with Google Go,"University of California, Irvine",SPECIALIZATION,4.6,Intermediate,250000.0
731,Project Execution,"University of California, Irvine",COURSE,4.2,Beginner,19000.0
284,Project Launch,"University of California, Irvine",COURSE,4.7,Beginner,1300.0
31,Project Management & Other Tools for Career Development,"University of California, Irvine",SPECIALIZATION,4.6,Beginner,18000.0
30,Project Management Principles and Practices,"University of California, Irvine",SPECIALIZATION,4.7,Beginner,70000.0
37,Psychological First Aid,Johns Hopkins University,COURSE,4.8,Mixed,190000.0
424,Public Policy Challenges of the 21st Century,University of Virginia,COURSE,4.6,Beginner,440000.0
279,Python Basics,University of Michigan,COURSE,4.8,Beginner,230000.0
869,Python Classes and Inheritance,University of Michigan,COURSE,4.7,Intermediate,190000.0
111,Python Data Structures,University of Michigan,COURSE,4.9,Mixed,52000.0
555,"Python Functions, Files, and Dictionaries",University of Michigan,COURSE,4.8,Beginner,110000.0
374,Python and Statistics for Financial Analysis,The Hong Kong University of Science and Technology,COURSE,4.4,Intermediate,21000.0
152,Python for Data Science and AI,IBM,COURSE,4.6,Beginner,420000.0
3,Python for Everybody,University of Michigan,SPECIALIZATION,4.8,Beginner,26000.0
823,Quantitative Methods,University of Amsterdam,COURSE,4.7,Mixed,41000.0
827,Queering Identities: LGBTQ+ Sexuality and Gender Identity,University of Colorado System,COURSE,4.9,Beginner,170000.0
317,R Programming,Johns Hopkins University,COURSE,4.6,Intermediate,1500.0
771,"Ready, Set, Future! Introduction to Futures Thinking",Institute for the Future,COURSE,4.8,Beginner,69000.0
553,Recommender Systems,University of Minnesota,SPECIALIZATION,4.3,Intermediate,3000.0
658,"Recruiting, Hiring, and Onboarding Employees",University of Minnesota,COURSE,4.7,Mixed,480000.0
82,Reinforcement Learning,University of Alberta,SPECIALIZATION,4.7,Intermediate,7700.0
532,Renewable Energy and Green Building Entrepreneurship,Duke University,COURSE,4.7,Beginner,29000.0
868,Requirements Engineering: Secure Software  Specifications,University of Colorado System,SPECIALIZATION,4.6,Beginner,23000.0
876,Research Data Management and Sharing,The University of Edinburgh,COURSE,4.6,Mixed,24000.0
622,"Resilience in Children Exposed to Trauma, Disaster and War: Global Perspectives",University of Minnesota,COURSE,4.8,Mixed,5200.0
289,Responsive Website Development and Design,"Goldsmiths, University of London",SPECIALIZATION,4.5,Beginner,7200.0
414,Rethinking International Tax Law,Universiteit Leiden,COURSE,4.9,Mixed,16000.0
315,Robotics,University of Pennsylvania,SPECIALIZATION,4.4,Beginner,170000.0
632,Roman Architecture,Yale University,COURSE,4.9,Beginner,36000.0
833,Russian Alphabet,Saint Petersburg State University,COURSE,4.7,Beginner,17000.0
160,SAS Programmer,SAS,PROFESSIONAL CERTIFICATE,4.8,Beginner,3200.0
393,SAS Visual Business Analytics,SAS,PROFESSIONAL CERTIFICATE,4.6,Beginner,7000.0
332,SQL for Data Science,"University of California, Davis",COURSE,4.6,Beginner,33000.0
601,Sales Operations/Management,West Virginia University,SPECIALIZATION,4.4,Beginner,370000.0
781,Sales Training for High Performing Teams,HubSpot Academy,SPECIALIZATION,4.7,Beginner,2600.0
763,Sample-based Learning Methods,University of Alberta,COURSE,4.8,Intermediate,160000.0
860,Scaling Operations: Linking Strategy and Execution,Northwestern University,COURSE,4.5,Mixed,5600.0
368,School Health for Children and Adolescents,University of Colorado System,SPECIALIZATION,4.8,Beginner,16000.0
121,Science of Exercise,University of Colorado Boulder,COURSE,4.8,Beginner,6800.0
629,Search Engine Optimization Fundamentals,"University of California, Davis",COURSE,4.7,Mixed,12000.0
836,Secure Coding Practices,"University of California, Davis",SPECIALIZATION,4.4,Intermediate,9100.0
712,Security & Safety Challenges in a Globalized World,Universiteit Leiden,COURSE,4.7,Beginner,140000.0
19,Security in Google Cloud Platform,Google Cloud,SPECIALIZATION,4.7,Intermediate,47000.0
154,Self-Driving Cars,University of Toronto,SPECIALIZATION,4.7,Advanced,6400.0
285,Sequence Models,deeplearning.ai,COURSE,4.8,Intermediate,14000.0
304,Site Reliability Engineering: Measuring and Managing Reliability,Google Cloud,COURSE,4.5,Advanced,14000.0
167,Six Sigma Green Belt,University System of Georgia,SPECIALIZATION,4.7,Intermediate,110000.0
792,Six Sigma and the Organization (Advanced),University System of Georgia,COURSE,4.7,Intermediate,61000.0
814,"Sleep: Neurobiology, Medicine, and Society",University of Michigan,COURSE,4.8,Beginner,16000.0
660,Smart Cities :Management of Smart Urban Infrastructures,University of Michigan,COURSE,4.6,Beginner,18000.0
817,Social Entrepreneurship,Copenhagen Business School,SPECIALIZATION,4.6,Beginner,15000.0
49,Social Media Marketing,Northwestern University,SPECIALIZATION,4.6,Beginner,20000.0
440,"Social Norms, Social Change I",University of Pennsylvania,COURSE,4.6,Beginner,22000.0
574,Social Policy for Social Services & Health Practitioners,Columbia University,SPECIALIZATION,4.8,Beginner,13000.0
83,Social Psychology,Wesleyan University,COURSE,4.7,Beginner,130000.0
506,Social and Economic Networks:  Models and Analysis,Stanford University,COURSE,4.8,Advanced,78000.0
186,Software Design and Architecture,University of Alberta,SPECIALIZATION,4.6,Beginner,4200.0
402,Software Development Lifecycle,University of Minnesota,SPECIALIZATION,4.6,Intermediate,220000.0
859,Software Processes and Agile Practices,University of Alberta,COURSE,4.7,Mixed,42000.0
64,Software Product Management,University of Alberta,SPECIALIZATION,4.6,Beginner,60000.0
515,Solar Energy Basics,The State University of New York,COURSE,4.8,Beginner,34000.0
600,Songwriting: Writing the Lyrics,Berklee College of Music,COURSE,4.8,Beginner,60000.0
754,Spacecraft Dynamics and Control,University of Colorado Boulder,SPECIALIZATION,4.8,Advanced,17000.0
504,Spanish Vocabulary: Meeting People,"University of California, Davis",COURSE,4.6,Beginner,68000.0
334,"Speak English Professionally: In Person, Online & On the Phone",Georgia Institute of Technology,COURSE,4.6,Mixed,8800.0
200,Sports Marketing,Northwestern University,COURSE,4.7,Intermediate,12000.0
580,Sports and Society,Duke University,COURSE,4.8,Mixed,71000.0
68,Stanford Introduction to Food and Health,Stanford University,COURSE,4.7,Beginner,430000.0
680,Stanford's Short Course on Breastfeeding,Stanford University,COURSE,4.7,Beginner,12000.0
170,Statistical Analysis with R for Public Health,Imperial College London,SPECIALIZATION,4.7,Beginner,16000.0
127,Statistics with Python,University of Michigan,SPECIALIZATION,4.6,Beginner,370000.0
84,Statistics with R,Duke University,SPECIALIZATION,4.7,Beginner,17000.0
657,Stories of Infection,Stanford University,COURSE,4.9,Intermediate,16000.0
648,Strategic Business Analytics,ESSEC Business School,SPECIALIZATION,4.3,Advanced,34000.0
822,Strategic Business Management - Microeconomics,"University of California, Irvine",COURSE,4.7,Beginner,220000.0
93,Strategic Leadership and Management,University of Illinois at Urbana-Champaign,SPECIALIZATION,4.7,Beginner,28000.0
801,Strategic Management,Copenhagen Business School,COURSE,4.7,Mixed,60000.0
202,Strategic Management and Innovation,Copenhagen Business School,SPECIALIZATION,4.7,Beginner,9500.0
592,Strategic Sales Management,Macquarie University,SPECIALIZATION,4.5,Intermediate,100000.0
798,Strategising: Management for Global Competitive Advantage,Macquarie University,SPECIALIZATION,4.8,Intermediate,58000.0
749,Strategy and Sustainability,IESE Business School,COURSE,4.6,Beginner,68000.0
189,Structuring Machine Learning Projects,deeplearning.ai,COURSE,4.8,Beginner,9200.0
455,Success,University of Pennsylvania,COURSE,4.8,Beginner,30000.0
40,Successful Negotiation: Essential Strategies and Skills,University of Michigan,COURSE,4.8,Mixed,11000.0
588,Summary Statistics in Public Health,Johns Hopkins University,COURSE,4.8,Beginner,220000.0
483,Supply Chain Analytics,Rutgers the State University of New Jersey,COURSE,4.7,Beginner,38000.0
432,Supply Chain Finance and Blockchain Technology,New York Institute of Finance,SPECIALIZATION,4.6,Intermediate,750000.0
384,Supply Chain Logistics,Rutgers the State University of New Jersey,COURSE,4.7,Beginner,11000.0
50,Supply Chain Management,Rutgers the State University of New Jersey,SPECIALIZATION,4.7,Beginner,7900.0
760,Supply Chain Operations,Rutgers the State University of New Jersey,COURSE,4.8,Beginner,4900.0
306,Supply Chain Principles,Georgia Institute of Technology,COURSE,4.6,Mixed,66000.0
328,Supporting children with difficulties in reading and writing,UCL Institute of Education,COURSE,4.8,Mixed,82000.0
344,Survey Data Collection and Analytics,"University of Maryland, College Park",SPECIALIZATION,4.3,Beginner,24000.0
387,Swift 5 iOS Application Developer,LearnQuest,SPECIALIZATION,4.5,Beginner,50000.0
403,System Administration and IT Infrastructure Services,Google,COURSE,4.7,Beginner,45000.0
484,Systems Biology and Biotechnology,Icahn School of Medicine at Mount Sinai,SPECIALIZATION,4.4,Intermediate,9400.0
647,Systems Thinking In Public Health,Johns Hopkins University,COURSE,4.9,Mixed,3900.0
67,"TESOL Certificate, Part 1: Teach English Now!",Arizona State University,SPECIALIZATION,4.9,Beginner,62000.0
234,"TESOL Certificate, Part 2: Teach English Now!",Arizona State University,SPECIALIZATION,4.9,Beginner,48000.0
559,Teach English Now! Foundational Principles,Arizona State University,COURSE,4.9,Mixed,33000.0
807,Teach English Now! Teaching Language Online,Arizona State University,COURSE,4.4,Intermediate,100000.0
788,Teaching Character and Creating Positive Classrooms,Relay Graduate School of Education,COURSE,4.8,Mixed,62000.0
466,Teamwork Skills: Communicating Effectively in Groups,University of Colorado Boulder,COURSE,4.8,Beginner,81000.0
41,Technical Support Fundamentals,Google,COURSE,4.8,Beginner,8500.0
27,TensorFlow in Practice,deeplearning.ai,SPECIALIZATION,4.7,Intermediate,53000.0
217,TensorFlow: Data and Deployment,deeplearning.ai,SPECIALIZATION,4.5,Intermediate,49000.0
298,Terrorism and Counterterrorism: Comparing Theory and Practice,Universiteit Leiden,COURSE,4.8,Beginner,280000.0
460,The Addicted Brain,Emory University,COURSE,4.6,Beginner,170000.0
507,The Art of Music Production,Berklee College of Music,COURSE,4.8,Intermediate,12000.0
133,The Art of Sales: Mastering the Selling Process,Northwestern University,SPECIALIZATION,4.7,Beginner,90000.0
375,The Arts and Science of Relationships: Understanding Human Needs,University of Toronto,COURSE,4.5,Beginner,130000.0
135,The Bits and Bytes of Computer Networking,Google,COURSE,4.7,Beginner,47000.0
65,The Business of Health Care,University of Pennsylvania,SPECIALIZATION,4.6,Beginner,23000.0
97,The Business of Music Production,Berklee College of Music,SPECIALIZATION,4.8,Beginner,73000.0
768,The Changing Global Order,Universität Leiden,COURSE,4.7,Intermediate,130000.0
759,The Cycle: Management of Successful Arts and Cultural Organizations,"University of Maryland, College Park",COURSE,4.8,Beginner,22000.0
81,The DIY Musician,Berklee College of Music,SPECIALIZATION,4.8,Beginner,84000.0
864,The Economics of Health Care Delivery,University of Pennsylvania,COURSE,4.8,Mixed,11000.0
274,The Global Financial Crisis,Yale University,COURSE,4.8,Mixed,120000.0
587,The Horse Course: Introduction to Basic Care and Management,University of Florida,COURSE,4.9,Mixed,420000.0
282,The Manager's Toolkit: A Practical Guide to Managing People at Work,"Birkbeck, University of London",COURSE,4.6,Mixed,7200.0
357,"The Modern World, Part One: Global History from 1760 to 1910",University of Virginia,COURSE,4.8,Beginner,84000.0
671,"The Modern World, Part Two: Global History since 1910",University of Virginia,COURSE,4.8,Beginner,29000.0
576,The Oral Cavity: Portal to Health and Disease,University of Pennsylvania,COURSE,4.9,Intermediate,47000.0
272,The Power of Macroeconomics: Economic Principles in the Real World,"University of California, Irvine",COURSE,4.6,Mixed,130000.0
534,The Power of Microeconomics: Economic Principles in the Real World,"University of California, Irvine",COURSE,4.7,Mixed,47000.0
826,The Pronunciation of American English,"University of California, Irvine",SPECIALIZATION,4.6,Beginner,9400.0
818,The Science of Gastronomy,The Hong Kong University of Science and Technology,COURSE,4.6,Mixed,180000.0
690,The Science of Stem Cells,American Museum of Natural History,COURSE,4.7,Intermediate,120000.0
696,The Science of Success: What Researchers Know that You Should Know,University of Michigan,COURSE,4.8,Beginner,1700.0
524,The Science of Training Young Athletes,University of Florida,COURSE,4.9,Beginner,50000.0
2,The Science of Well-Being,Yale University,COURSE,4.9,Mixed,12000.0
118,The Singer Songwriter,Berklee College of Music,SPECIALIZATION,4.8,Beginner,59000.0
677,The Social Context of Mental Health and Illness,University of Toronto,COURSE,4.6,Mixed,13000.0
138,The Strategy of Content Marketing,"University of California, Davis",COURSE,4.5,Intermediate,2500.0
459,The Teacher and Social and Emotional Learning (SEL),University of Colorado Boulder,SPECIALIZATION,4.7,Beginner,19000.0
666,The Technology of Music Production,Berklee College of Music,COURSE,4.8,Beginner,100000.0
616,The Truth About Cats and Dogs,The University of Edinburgh,COURSE,4.7,Mixed,26000.0
584,Think Again I: How to Understand Arguments,Duke University,COURSE,4.6,Beginner,28000.0
146,Tools for Data Science,IBM,COURSE,4.6,Beginner,33000.0
220,Trading Strategies in Emerging Markets,Indian School of Business,SPECIALIZATION,4.3,Beginner,14000.0
529,"Transmedia Storytelling: Narrative worlds, emerging technologies, and global audiences",UNSW Sydney (The University of New South Wales),COURSE,4.8,Mixed,200000.0
530,Tricky American English Pronunciation,"University of California, Irvine",COURSE,4.7,Beginner,120000.0
438,Troubles du spectre de l'autisme : diagnostic,University of Geneva,COURSE,4.9,Intermediate,68000.0
245,U.S. Federal Taxation,University of Illinois at Urbana-Champaign,SPECIALIZATION,4.8,Intermediate,45000.0
153,UCI Project Management,"University of California, Irvine",PROFESSIONAL CERTIFICATE,4.6,Beginner,110000.0
46,UI / UX Design,California Institute of the Arts,SPECIALIZATION,4.7,Beginner,5400.0
595,UX Design Fundamentals,California Institute of the Arts,COURSE,4.8,Beginner,12000.0
676,Understanding Cancer Metastasis,Johns Hopkins University,COURSE,4.8,Beginner,44000.0
353,Understanding Clinical Research: Behind the Statistics,University of Cape Town,COURSE,4.8,Mixed,68000.0
500,Understanding Einstein: The Special Theory of Relativity,Stanford University,COURSE,4.9,Beginner,25000.0
173,Understanding Medical Research: Your Facebook Friend is Wrong,Yale University,COURSE,4.8,Beginner,29000.0
886,Understanding Modern Finance,American Institute of Business and Economics,SPECIALIZATION,4.4,Intermediate,78000.0
746,Understanding Plants - Part I: What a Plant Knows,Tel Aviv University,COURSE,4.8,Beginner,89000.0
261,Understanding Research Methods,SOAS University of London,COURSE,4.5,Mixed,24000.0
465,Understanding and Visualizing Data with Python,University of Michigan,COURSE,4.7,Beginner,11000.0
249,Understanding the Brain: The Neurobiology of Everyday Life,The University of Chicago,COURSE,4.9,Beginner,49000.0
865,Unity Certified Programmer Exam Preparation,Unity,SPECIALIZATION,4.5,Intermediate,120000.0
618,Unity XR: How to Build AR and VR Apps,Unity,SPECIALIZATION,4.2,Beginner,30000.0
882,University Teaching,The University of Hong Kong,COURSE,4.8,Beginner,130000.0
638,Unraveling the Cycling City,University of Amsterdam,COURSE,4.9,Intermediate,6100.0
117,User Experience Research and Design,University of Michigan,SPECIALIZATION,4.8,Beginner,12000.0
614,User Interface Design,University of Minnesota,SPECIALIZATION,4.6,Intermediate,9500.0
350,Using Databases with Python,University of Michigan,COURSE,4.8,Mixed,3900.0
199,Using Python to Access Web Data,University of Michigan,COURSE,4.8,Mixed,23000.0
603,Using Python to Interact with the Operating System,Google,COURSE,4.7,Beginner,43000.0
262,Value Chain Management,University of Illinois at Urbana-Champaign,SPECIALIZATION,4.7,Intermediate,220000.0
589,Version Control with Git,Atlassian University,COURSE,4.8,Mixed,310000.0
71,Viral Marketing and How to Craft Contagious Content,University of Pennsylvania,COURSE,4.7,Mixed,19000.0
407,Virtual Reality,"Goldsmiths, University of London",SPECIALIZATION,4.7,Beginner,63000.0
297,Virtual Teacher,"University of California, Irvine",SPECIALIZATION,4.3,Beginner,40000.0
185,Vital Signs: Understanding What the Body Is Telling Us,University of Pennsylvania,COURSE,4.8,Mixed,150000.0
182,Web Applications for Everybody,University of Michigan,SPECIALIZATION,4.8,Intermediate,37000.0
42,Web Design for Everybody: Basics of Web Development & Coding,University of Michigan,SPECIALIZATION,4.7,Beginner,23000.0
354,Weight Management: Beyond Balancing Calories,Emory University,COURSE,4.7,Beginner,190000.0
144,What Is Contemporary Art?,The Museum of Modern Art,COURSE,4.7,Beginner,120000.0
829,What future for education?,UCL Institute of Education,COURSE,4.7,Mixed,280000.0
543,What is Compliance?,University of Pennsylvania,COURSE,4.8,Mixed,34000.0
88,What is Data Science?,IBM,COURSE,4.7,Beginner,120000.0
379,What is Social?,Northwestern University,COURSE,4.6,Mixed,35000.0
232,Wine Tasting: Sensory Techniques for Wine Analysis,"University of California, Davis",COURSE,4.7,Beginner,6200.0
787,Wonders of Ancient Egypt,University of Pennsylvania,COURSE,4.8,Intermediate,260000.0
619,Write A Feature Length Screenplay For Film Or Television,Michigan State University,COURSE,4.9,Beginner,94000.0
213,Write Professional Emails in English,Georgia Institute of Technology,COURSE,4.7,Mixed,32000.0
684,Write Your First Novel,Michigan State University,COURSE,4.4,Beginner,17000.0
69,Writing in the Sciences,Stanford University,COURSE,4.9,Beginner,12000.0
359,e-Learning Ecologies: Innovative Approaches to Teaching and Learning for the Digital Age,University of Illinois at Urbana-Champaign,COURSE,4.5,Mixed,270000.0
